{"0": {"ID": [10, 0, 0], "OfferTitle": "ÖZEL TEKLİF", "BGR": "offer_gems", "TypeB": 1, "Banefit": 0, "OldCost": 0, "Cost": 0, "Multiplier": [1, 0, 0], "BrawlerID": [0, 0, 0], "SkinID": [0, 0, 0], "ShopType": 0, "ShopDisplay": 0, "Timer": 172800, "View": 2, "Buyed": []}, "1": {"ID": [3,0, 0], "OfferTitle": "ÖZEL TEKLİF", "BGR": "offer_legendary", "TypeB": 1, "Banefit": 0, "OldCost": 150, "Cost": 80, "Multiplier": [1, 0, 0], "BrawlerID": [37, 0, 0], "SkinID": [0, 0, 0], "ShopType": 0, "ShopDisplay": 0, "Timer": 172800, "View": 2, "Buyed": []}, "2": {"ID": [10, 0, 0], "OfferTitle": "ÖZEL TEKLİF", "BGR": "offer_special", "TypeB": 1, "Banefit": 3, "OldCost": 0, "Cost": 39, "Multiplier": [1, 0, 0], "BrawlerID": [0, 0, 0], "SkinID": [0, 0, 0], "ShopType": 0, "ShopDisplay": 0, "Timer": 172800, "View": 2, "Buyed": [9]}}