"Name",0
"String","int"
"Santtu Ahola",
"Patrick Almgren",
"Chris Bancroft",
"Mauritz Bart",
"Brad Bolinder",
"Javier Calvo",
"Paul Chambers",
"Dalei Chen",
"Liang Chen",
"Xuhui Chen",
"David Diaz",
"Jason Dou",
"Praveen Dubey",
"Chris Duong",
"Anders Ehrenborg",
"James Ellis",
"Jon Franzas",
"Laura Gilliland",
"Eero Harmaala",
"Stefan Hauk",
"Mikko Hokkanen",
"Chih-Han Hsu",
"Juha Huotari",
"Aki Immonen",
"Kim Jensen",
"Tomi Joki-Korpela",
"Pauli Kaila",
"Robert Kamphuis",
"Bill Kang",
"Minyoung Kang",
"Frank Keienburg",
"Matti Kemppainen",
"WooHyun Kim",
"Terje Koskinen",
"Byeongmin Kwon",
"Petri Kärkäs",
"Mikko Laakkio",
"Christina Lee",
"Jimmy Lee",
"Mikko Lehtonen",
"Juha Leinonen",
"Ryan Lighton",
"Janne Lindholm",
"Agnes Liou",
"Chen Liu",
"Phillip Lockwood",
"Jonne Loikkanen",
"Frieda Ma",
"Damien Mabin",
"Lauri Manninen",
"Antti Mattila",
"Doug McCracken",
"Daniel Medeiros",
"Jani Mensonen",
"Yukiko Morishita",
"Jumpei Oki",
"Taneli Oksama",
"Jeff Ostler",
"Janne Peltola",
"Asko Puurula",
"Miika Pylkkö",
"Brianne Read",
"Antti Ripatti",
"Martin Schjøler",
"Mika Seppä",
"Mikko Sivulainen",
"Shawn Su",
"Antti Summala",
"Qianyue Sun",
"Tommi Suvinen",
"Nelly Sääksjärvi",
"Antti Takala",
"Touko Tahkokallio",
"Erol Tekkanat",
"Ella-Roosa Tenhunen",
"Emily Tierney",
"Wilhelm Tigerstedt",
"Ricardo Tomé",
"Jouni Utriainen",
"Jerry Vahn",
"Antti Varila",
"Félix Vivier",
"Slava Volkov",
"Kustaa Vuori",
"Jaakko Väyrynen",
"Toshizumi Waki",
"Ryan Wener",
"Julie Woo",
"Choong Yoon",
"Junheng Zang",
"Oscar Zhang",
"Jean Zoch",
